"country_name","country_code","year","gdp_growth","gdp_pc_c_2015","gov_exp_gdp","lab_partic","trade_gdp","rule_of_law","contr_corrup","cap_inv_gdp","civ_libert","freed_expr"
"Armenia","ARM",2002,13.2,7.36648181010814,9.169,61.383,73.985,-0.439,-0.778,25.42,4,0.689
"Armenia","ARM",2003,14,7.50427481225848,9.385,60.976,80.051,-0.303,-0.649,28.35,4,0.688
"Armenia","ARM",2004,10.5,7.61009012340108,9.356,60.636,73.071,-0.482,-0.703,29.12,4,0.688
"Armenia","ARM",2005,13.9,7.74629331244222,9.71,60.366,70.14,-0.389,-0.683,35.77,4,0.688
"Armenia","ARM",2006,13.2,7.87711538707632,9.266,60.194,61.03,-0.545,-0.669,42.23,4,0.688
"Armenia","ARM",2007,13.7,8.01283527354215,9.398,60.173,56.975,-0.497,-0.746,44.35,4,0.656
"Armenia","ARM",2008,6.9,8.0865638019995,9.396,60.125,54.542,-0.338,-0.712,47.94,4,0.585
"Armenia","ARM",2009,-14.1,7.94100844324322,12.284,60.965,57.274,-0.469,-0.621,41.15,4,0.654
"Armenia","ARM",2010,2.2,7.968861596819,12.044,61.218,64.643,-0.481,-0.695,38.81,4,0.697
"Armenia","ARM",2011,4.7,8.02068557402953,11.91,61.325,69.436,-0.438,-0.665,31.92,4,0.685
"Armenia","ARM",2012,7.2,8.0951931313409,10.91,61.329,75.962,-0.418,-0.588,24.68,4,0.685
"Armenia","ARM",2013,3.3,8.132143464009,11.935,61.44,77.555,-0.341,-0.53,22.15,4,0.66
"Armenia","ARM",2014,3.6,8.17146638304535,12.086,61.543,75.779,-0.418,-0.565,21.28,4,0.66
"Armenia","ARM",2015,3.2,8.20689516196483,13.112,61.658,71.682,-0.463,-0.609,20.73,4,0.657
"Armenia","ARM",2016,0.2,8.21333566551259,13.454,61.778,76.078,-0.161,-0.659,18.02,4,0.662
"Armenia","ARM",2017,7.5,8.29052267767586,12.319,61.786,87.202,-0.21,-0.636,18.42,4,0.683
"Armenia","ARM",2018,5.2,8.3466181335775,11.487,61.749,92.473,-0.197,-0.409,22.4,4,0.824
"Armenia","ARM",2019,7.6,8.42550938835239,12.565,62.891,96.114,-0.178,-0.227,17.41,4,0.861
"Armenia","ARM",2020,-7.2,8.35611581062297,14.969,62.122,69.489,-0.126,-0.003,19.66,4,0.844
"Armenia","ARM",2021,5.8,8.41772572204632,13.65,62.724,79.67,-0.119,0.049,22.96,4,0.801
"Armenia","ARM",2022,12.6,8.54016842772077,12.699,61.86,101.006,-0.169,0.028,21.63,4,0.783
"Azerbaijan","AZE",2002,9.439,7.46973113690305,12.404,72.51,92.818,-0.964,-1.196,34.58,5,0.325
"Azerbaijan","AZE",2003,10.208,7.55935676571464,12.389,70.576,107.552,-0.885,-1.046,53.17,5,0.305
"Azerbaijan","AZE",2004,9.254,7.63910582845308,12.9,67.984,121.507,-0.901,-1.181,57.99,5,0.253
"Azerbaijan","AZE",2005,27.962,7.8754426799005,10.422,66.551,115.842,-0.793,-1.053,41.53,5,0.253
"Azerbaijan","AZE",2006,34.5,8.16085104923571,8.54,64.83,105.262,-0.886,-1.096,29.86,5,0.253
"Azerbaijan","AZE",2007,25,8.37265608607612,9.66,61.874,96.642,-0.88,-1.129,21.53,5,0.246
"Azerbaijan","AZE",2008,10.759,8.45384372307512,8.495,60.882,89.243,-0.836,-1.157,18.69,5,0.236
"Azerbaijan","AZE",2009,9.296,8.52197513965512,11.123,61.023,74.744,-0.879,-1.194,18.95,5,0.225
"Azerbaijan","AZE",2010,5.049,8.55933348459884,10.881,60.865,74.986,-0.891,-1.245,18.06,5,0.231
"Azerbaijan","AZE",2011,0.1,8.54730310390455,10.128,61.153,80.508,-0.939,-1.195,20.27,5,0.231
"Azerbaijan","AZE",2012,2.165,8.55543669648796,10.526,61.593,78.263,-0.88,-1.143,22.32,5,0.231
"Azerbaijan","AZE",2013,5.81,8.59897518565359,10.283,61.888,74.676,-0.756,-0.97,25.66,6,0.22
"Azerbaijan","AZE",2014,2.751,8.61362674000551,10.886,62.705,69.483,-0.697,-1.022,27.51,6,0.206
"Azerbaijan","AZE",2015,1.094,8.61259500338584,12.408,63.433,72.602,-0.717,-0.953,27.91,6,0.206
"Azerbaijan","AZE",2016,-3.1,8.56992566968167,12.832,64.632,90.077,-0.539,-0.853,25.68,6,0.213
"Azerbaijan","AZE",2017,0.2,8.56211110619081,11.341,65.183,90.402,-0.585,-0.906,24.38,6,0.222
"Azerbaijan","AZE",2018,1.5,8.56833658456916,10.466,65.675,91.673,-0.62,-0.853,20.13,6,0.213
"Azerbaijan","AZE",2019,2.5,8.58456263919706,11.123,68.519,85.818,-0.61,-0.849,20.31,6,0.218
"Azerbaijan","AZE",2020,-4.3,8.53376708253727,16.219,67.538,72.018,-0.731,-1.077,23.67,6,0.2
"Azerbaijan","AZE",2021,5.616,8.58399913999621,13.867,68.244,76.287,-0.606,-0.847,17.08,6,0.233
"Azerbaijan","AZE",2022,4.617,8.6287352817124,10.927,70.007,87.078,-0.625,-1.041,12.65,7,0.234
"Kyrgistan","KGZ",2002,-0.017,6.60994744695714,18.619,72.886,82.921,-0.854,-1.065,17.61,5,0.518
"Kyrgistan","KGZ",2003,7.03,6.66740452933021,16.831,72.424,83.933,-0.76,-1.033,11.83,5,0.518
"Kyrgistan","KGZ",2004,7.027,6.72321205611471,18.173,71.985,93.816,-0.793,-1.098,14.49,5,0.518
"Kyrgistan","KGZ",2005,-0.176,6.71017712999821,17.51,72.086,95.084,-1.123,-1.267,16.42,4,0.569
"Kyrgistan","KGZ",2006,3.103,6.729984153255,17.987,71.932,120.75,-1.317,-1.326,24.2,4,0.594
"Kyrgistan","KGZ",2007,8.543,6.80242254071629,17.103,71.377,137.058,-1.322,-1.329,26.64,4,0.568
"Kyrgistan","KGZ",2008,8.402,6.87359334858327,17.521,70.848,146.106,-1.383,-1.232,28.95,4,0.534
"Kyrgistan","KGZ",2009,2.886,6.8899751450667,18.432,70.728,133.379,-1.33,-1.313,27.27,5,0.512
"Kyrgistan","KGZ",2010,-0.472,6.87332013669644,18.127,70.85,133.233,-1.269,-1.175,27.4,5,0.627
"Kyrgistan","KGZ",2011,5.956,6.91900674319207,18.227,70.1,136.18,-1.196,-1.232,25.47,5,0.776
"Kyrgistan","KGZ",2012,-0.088,6.90147258412197,20.106,67.57,139.676,-1.135,-1.151,34.96,5,0.788
"Kyrgistan","KGZ",2013,10.915,6.98522359883806,18.447,65.75,134.027,-1.115,-1.162,33.9,5,0.744
"Kyrgistan","KGZ",2014,4.024,7.00461425877631,17.473,64.81,125.126,-0.936,-1.129,36.76,5,0.725
"Kyrgistan","KGZ",2015,3.876,7.02205046136605,17.755,65.2,110.962,-1.013,-1.179,34.67,5,0.761
"Kyrgistan","KGZ",2016,4.336,7.04412277107187,17.434,64.86,105.824,-1.043,-1.104,33.94,5,0.736
"Kyrgistan","KGZ",2017,4.74,7.07109701987775,17.13,63.22,100.617,-0.948,-1.078,32.9,5,0.723
"Kyrgistan","KGZ",2018,3.758,7.08808401809998,17.17,64.13,98.876,-0.928,-0.96,36.02,5,0.781
"Kyrgistan","KGZ",2019,4.601,7.11218399513971,17.17,64.25,98.876,-0.914,-0.96,36.02,4,0.687
"Kyrgistan","KGZ",2020,-7.149,7.01903186016301,17.17,64.74,98.876,-0.96,-1.124,36.02,4,0.622
"Kyrgistan","KGZ",2021,5.507,7.04365498992556,17.17,64.96,98.876,-1.099,-1.15,36.02,5,0.647
"Kyrgistan","KGZ",2022,6.332,7.07573447406021,17.17,65.692,98.876,-1.148,-1.23,36.02,5,0.584
"Tajikistan","TJK",2002,10.8,6.21667595892419,8.599,44.556,138.684,-1.084,-1.175,9.14,5,0.353
"Tajikistan","TJK",2003,11,6.30124807311719,8.264,44.556,137.67,-1.067,-1.148,11.78,5,0.297
"Tajikistan","TJK",2004,10.3,6.38017507789234,11.785,44.807,128.338,-1.183,-1.319,11.65,5,0.297
"Tajikistan","TJK",2005,6.7,6.42638974708436,14.601,44.312,126.995,-1.1,-1.176,15.97,5,0.311
"Tajikistan","TJK",2006,7,6.4757054067935,11.104,43.804,141.154,-1.182,-1.043,24.63,5,0.3
"Tajikistan","TJK",2007,7.8,6.53242453560299,8.904,43.236,145.528,-1.296,-1.041,26.51,5,0.295
"Tajikistan","TJK",2008,7.9,6.58968409968132,9.334,42.678,114.48,-1.296,-1.187,24.84,5,0.294
"Tajikistan","TJK",2009,3.9,6.60847824401163,12.462,42.51,85.978,-1.272,-1.222,23.85,5,0.273
"Tajikistan","TJK",2010,6.5,6.65115059623439,11.327,42.491,73.493,-1.213,-1.297,29.21,5,0.273
"Tajikistan","TJK",2011,7.4,6.70137419915432,13.653,42.473,79.784,-1.232,-1.232,23.27,6,0.271
"Tajikistan","TJK",2012,7.5,6.75189647447352,12.842,42.454,83.176,-1.208,-1.28,24.91,6,0.218
"Tajikistan","TJK",2013,7.4,6.80088696049406,13.297,42.436,71.744,-1.263,-1.287,26.52,6,0.203
"Tajikistan","TJK",2014,6.7,6.84268648394087,14.04,42.417,54.607,-1.012,-1.132,44.69,6,0.136
"Tajikistan","TJK",2015,6.019,6.87767022829617,11.559,42.399,49.938,-1.074,-1.148,40.52,6,0.12
"Tajikistan","TJK",2016,6.9,6.9210574120077,11.757,42.38,55.725,-1.166,-1.163,29.93,6,0.106
"Tajikistan","TJK",2017,7.1,6.96696431108878,11.386,41.988,53.786,-1.377,-1.348,37.26,6,0.086
"Tajikistan","TJK",2018,7.6,7.01776865328527,11.221,41.564,55.846,-1.303,-1.428,35.39,6,0.093
"Tajikistan","TJK",2019,7.4,7.06653437400861,11.154,41.162,56.045,-1.253,-1.346,33.47,6,0.091
"Tajikistan","TJK",2020,4.4,7.08774996404191,11.568,40.771,55.749,-1.248,-1.345,34.87,6,0.14
"Tajikistan","TJK",2021,9.4,7.15614621580103,10.884,40.588,71.826,-1.207,-1.354,34.87,6,0.1
"Tajikistan","TJK",2022,8,7.21252821699024,10.884,41.173,71.826,-1.256,-1.434,34.87,6,0.1
"Uzbekistan","UZB",2002,3.973,7.20694389649994,18,60.698,58.955,-1.44,-0.965,21.2,6,0.1
"Uzbekistan","UZB",2003,4.233,7.236761859673,17.4,60.526,70.459,-1.247,-0.915,21.2,6,0.049
"Uzbekistan","UZB",2004,7.449,7.29707067975061,16.2,60.116,76.596,-1.337,-1.069,20.8,6,0.049
"Uzbekistan","UZB",2005,6.95,7.35262826221487,15.9,59.727,69.525,-1.479,-1.23,24.5,6,0.049
"Uzbekistan","UZB",2006,7.451,7.41229498771486,15.298,59.285,67.471,-1.454,-1.016,28,7,0.046
"Uzbekistan","UZB",2007,9.473,7.48856768014692,15.609,58.74,74.414,-1.225,-1.034,29.61,7,0.039
"Uzbekistan","UZB",2008,9.029,7.55895952450268,15.928,58.283,79.748,-1.174,-1.063,28.21,7,0.039
"Uzbekistan","UZB",2009,8.051,7.61951859892605,15.471,57.955,68.673,-1.326,-1.276,32.04,7,0.042
"Uzbekistan","UZB",2010,7.597,7.66451461423472,12.505,57.791,49.256,-1.417,-1.308,29.95,7,0.043
"Uzbekistan","UZB",2011,7.525,7.71022895031351,11.968,57.642,49.643,-1.452,-1.388,27.18,7,0.042
"Uzbekistan","UZB",2012,7.102,7.76412359243733,12.364,57.462,44.228,-1.299,-1.311,26.71,7,0.045
"Uzbekistan","UZB",2013,7.297,7.81893054916382,13.32,57.284,42.367,-1.235,-1.273,30.07,7,0.043
"Uzbekistan","UZB",2014,6.874,7.86854048555843,13.245,57.133,36.359,-1.134,-1.194,27.47,7,0.066
"Uzbekistan","UZB",2015,7.219,7.92079914909518,13.617,56.956,30.751,-1.138,-1.285,27.96,7,0.064
"Uzbekistan","UZB",2016,5.932,7.96103925435438,14.14,56.849,29.192,-1.128,-1.2,26.34,7,0.059
"Uzbekistan","UZB",2017,4.395,7.98721838681142,12.596,56.811,47.785,-1.135,-1.188,25.76,7,0.081
"Uzbekistan","UZB",2018,5.88,8.02698228341396,13.435,56.697,71.206,-1.098,-1.082,29.14,7,0.227
"Uzbekistan","UZB",2019,5.982,8.06631274300893,16.152,56.55,72.518,-1.081,-1.047,37.2,7,0.22
"Uzbekistan","UZB",2020,1.996,8.06685068925992,16.154,55.62,61.839,-1.113,-1.073,41.81,6,0.231
"Uzbekistan","UZB",2021,7.403,8.11851490067344,16.586,55.799,63.848,-0.922,-0.829,39.95,6,0.261
"Uzbekistan","UZB",2022,5.669,8.15287827996412,16.824,56.157,71.579,-0.854,-0.758,40.37,6,0.274
"Kasakhstan","KZK",2002,9.8,8.62164419359204,11.61,70.11,94.032,-1.202,-1.114,38.3,6,0.262
"Kasakhstan","KZK",2003,9.3,8.70720625922253,11.258,70.02,91.463,-1.097,-1.027,27.29,5,0.444
"Kasakhstan","KZK",2004,9.6,8.79192436180024,11.615,69.86,96.409,-1.126,-1.106,25.7,5,0.444
"Kasakhstan","KZK",2005,9.7,8.87561462934608,11.249,69.45,97.763,-0.953,-1.015,26.31,5,0.444
"Kasakhstan","KZK",2006,10.7,8.96669151654625,10.181,69.68,91.454,-1.102,-0.995,30.97,5,0.408
"Kasakhstan","KZK",2007,8.9,9.04051279929383,11.054,70.39,92.162,-1.032,-0.992,33.9,5,0.413
"Kasakhstan","KZK",2008,3.3,9.05425037956396,10.188,71.12,94.295,-0.926,-0.981,35.53,5,0.413
"Kasakhstan","KZK",2009,1.2,9.04635495594777,11.663,71.022,75.766,-0.723,-0.932,27.51,5,0.413
"Kasakhstan","KZK",2010,7.3,9.10268065963465,10.812,70.924,74.138,-0.696,-1.001,29.41,5,0.404
"Kasakhstan","KZK",2011,7.4,9.15975556339539,10.476,70.825,73.118,-0.642,-0.997,25.37,5,0.405
"Kasakhstan","KZK",2012,4.8,9.19255229810392,11.522,70.726,73.724,-0.773,-0.921,23,5,0.398
"Kasakhstan","KZK",2013,6,9.23642684196413,10.173,70.627,65.408,-0.716,-0.931,25.23,5,0.398
"Kasakhstan","KZK",2014,4.2,9.26284202100911,10.69,70.528,64.972,-0.609,-0.825,24.57,5,0.379
"Kasakhstan","KZK",2015,1.2,9.26015572474587,11.633,70.429,53.05,-0.516,-0.871,25.79,5,0.381
"Kasakhstan","KZK",2016,1.1,9.25687523295543,11.631,70.33,60.312,-0.513,-0.832,27.91,5,0.383
"Kasakhstan","KZK",2017,4.1,9.2834531848374,10.536,70.23,56.825,-0.487,-0.839,27.83,5,0.39
"Kasakhstan","KZK",2018,4.1,9.31048973312345,8.321,70.13,63.528,-0.503,-0.492,26.35,5,0.374
"Kasakhstan","KZK",2019,4.5,9.34161053494685,9.132,70.08,64.859,-0.51,-0.286,25.26,5,0.343
"Kasakhstan","KZK",2020,-2.5,9.30330644286634,12.742,69.2,57.026,-0.467,-0.378,27.63,5,0.355
"Kasakhstan","KZK",2021,4.3,9.33241250739055,11.27,69.524,58.669,-0.508,-0.259,28.81,5,0.375
"Kasakhstan","KZK",2022,3.2,9.33175219339603,11.257,68.7,68.114,-0.474,-0.185,26.53,5,0.396
"Ukraine","UKR",2002,5.34,7.41486079170765,17.687,56.743,95.995,-0.844,-1.091,24.12,5,0.45
"Ukraine","UKR",2003,9.517,7.5138805370423,18.24,56.51,102.59,-0.823,-0.967,21.94,4,0.651
"Ukraine","UKR",2004,11.795,7.6329663737959,16.891,56.277,109.982,-0.775,-0.979,21.1,3,0.634
"Ukraine","UKR",2005,3.071,7.67054418714303,17.527,56.044,94.648,-0.805,-0.741,22.51,2,0.808
"Ukraine","UKR",2006,7.571,7.75028966918102,17.648,55.81,89.181,-0.821,-0.773,24.54,2,0.83
"Ukraine","UKR",2007,8.216,7.83521579589268,17.034,56.24,88.047,-0.746,-0.82,27.78,2,0.838
"Ukraine","UKR",2008,2.243,7.86281777709414,16.974,56.247,94.172,-0.703,-0.863,27.39,2,0.836
"Ukraine","UKR",2009,-15.136,7.70313047403711,19.44,56.253,87.476,-0.787,-1.072,17.07,2,0.839
"Ukraine","UKR",2010,4.092,7.74720816213167,19.667,56.26,95.73,-0.844,-1.032,18.37,3,0.754
"Ukraine","UKR",2011,5.445,7.80382616053469,17.692,56.267,104.805,-0.851,-1.087,20.44,3,0.751
"Ukraine","UKR",2012,0.152,7.80781784355949,18.94,56.273,102.623,-0.817,-1.118,19.61,3,0.742
"Ukraine","UKR",2013,0.045,7.81054893372796,18.898,56.28,94.002,-0.845,-1.176,16.43,3,0.742
"Ukraine","UKR",2014,-10.079,7.76056804712884,18.666,56.287,100.692,-0.829,-1.024,13.4,3,0.577
"Ukraine","UKR",2015,-9.773,7.66136848054678,18.924,56.293,107.807,-0.873,-1.039,15.93,3,0.581
"Ukraine","UKR",2016,2.441,7.68951617709812,18.602,56.3,105.521,-0.816,-0.867,21.72,3,0.583
"Ukraine","UKR",2017,2.36,7.71723511056567,20.683,56.307,104.035,-0.755,-0.831,19.96,3,0.564
"Ukraine","UKR",2018,3.488,7.75661349281306,20.772,56.313,99.2,-0.76,-0.921,18.59,3,0.577
"Ukraine","UKR",2019,3.2,7.79384862476347,18.781,56.32,90.511,-0.745,-0.8,14.89,4,0.679
"Ukraine","UKR",2020,-3.753,7.76234080541961,19.295,55.09,79.156,-0.712,-0.832,8.93,3,0.7
"Ukraine","UKR",2021,3.446,7.80506011394503,17.742,54.64,82.698,-0.681,-0.786,14.47,4,0.66
"Ukraine","UKR",2022,-29.1,7.61719402831897,38.235,54.64,87.707,-0.919,-0.634,12.61,3,0.545
"Georgia","GEO",2002,5.474,7.48133257842777,9.789,64.95,71.629,-1.084,-1.264,28.5,4,0.723
"Georgia","GEO",2003,11.059,7.5929751210593,8.119,66.02,77.633,-0.912,-0.651,29.1,4,0.723
"Georgia","GEO",2004,5.794,7.65549575293846,11.435,64.77,79.041,-0.75,-0.46,30.99,4,0.751
"Georgia","GEO",2005,9.59,7.75342095093134,14.384,64.05,84.53,-0.696,-0.213,33.33,3,0.752
"Georgia","GEO",2006,9.42,7.84912723085585,12.008,62.2,89.125,-0.462,0.05,29.73,3,0.749
"Georgia","GEO",2007,12.579,7.97282801940893,16.497,63.3,88.393,-0.344,-0.129,33.45,4,0.711
"Georgia","GEO",2008,2.419,7.99976381076649,19.4,63.49,86.298,-0.263,-0.102,27.69,4,0.709
"Georgia","GEO",2009,-3.651,7.97145757663601,18.523,64.59,78.193,-0.199,-0.122,13.99,4,0.708
"Georgia","GEO",2010,6.232,8.03921061486325,15.271,65.49,82.899,-0.206,0.012,20.52,3,0.71
"Georgia","GEO",2011,7.361,8.11825593047636,13.726,66.22,87.547,-0.12,0.118,22.2,3,0.71
"Georgia","GEO",2012,6.417,8.18781457547104,13.617,67.55,91.942,-0.006,0.397,25.88,3,0.725
"Georgia","GEO",2013,3.616,8.22634156790688,14.018,67.15,95.602,0.005,0.464,20.99,3,0.892
"Georgia","GEO",2014,4.442,8.26932934587852,14.272,67.7,96.775,0.225,0.829,25.41,3,0.915
"Georgia","GEO",2015,3.027,8.29757143130882,14.291,68.78,98.769,0.222,0.701,26.29,3,0.91
"Georgia","GEO",2016,2.906,8.32562315901109,15.308,68.42,96.826,0.336,0.713,30.15,3,0.919
"Georgia","GEO",2017,4.843,8.3727792552776,13.853,66.212,104.04,0.262,0.759,27.29,3,0.912
"Georgia","GEO",2018,4.843,8.42046288370745,13.208,63.93,111.756,0.27,0.725,28.12,3,0.904
"Georgia","GEO",2019,4.982,8.47080050100848,13.111,62.93,118.599,0.249,0.716,25.3,3,0.9
"Georgia","GEO",2020,-6.76,8.40011585669436,14.713,63.4,93.876,0.222,0.601,23.86,3,0.882
"Georgia","GEO",2021,10.466,8.50344552379727,13.997,64.127,102.821,0.145,0.661,18.97,3,0.874
"Georgia","GEO",2022,10.393,8.60127768927099,12.483,62.939,115.639,0.17,0.62,24.32,3,0.872
"Moldova","MDA",2002,7.8,7.34457563301264,20.227,57.22,129.84,-0.626,-0.98,21.66,4,0.624
"Moldova","MDA",2003,6.6,7.41130489669845,19.68,57.25,140.057,-0.539,-0.884,23.18,4,0.624
"Moldova","MDA",2004,7.4,7.48516944615341,14.904,55.11,132.699,-0.367,-1.04,26.36,4,0.624
"Moldova","MDA",2005,7.5,7.55992316098353,16.438,54.81,143.024,-0.352,-0.673,30.83,4,0.624
"Moldova","MDA",2006,4.8,7.60958614695688,19.986,58.09,137.155,-0.518,-0.643,32.75,4,0.626
"Moldova","MDA",2007,3,7.64146217967142,19.948,58.85,142.721,-0.507,-0.661,38.11,4,0.617
"Moldova","MDA",2008,7.8,7.7184730281845,20.413,59.59,134.422,-0.424,-0.634,39.23,4,0.617
"Moldova","MDA",2009,-6,7.65786013101241,23.764,60.69,110.363,-0.435,-0.701,23.14,4,0.631
"Moldova","MDA",2010,7.1,7.72745140653184,18.214,63.37,87.938,-0.358,-0.672,23.85,3,0.81
"Moldova","MDA",2011,5.818,7.78458184407058,16.56,64.39,98.618,-0.328,-0.625,24.05,3,0.821
"Moldova","MDA",2012,-0.59,7.77879798589814,16.69,64.79,96.306,-0.323,-0.614,24.2,3,0.82
"Moldova","MDA",2013,9.044,7.86564581480435,15.306,65.25,95.687,-0.37,-0.752,24.94,3,0.781
"Moldova","MDA",2014,5,7.91504217137346,13.908,69.27,94.228,-0.244,-0.853,23.78,3,0.794
"Moldova","MDA",2015,-0.338,7.91932455379654,13.699,70.21,88.966,-0.372,-0.937,24.06,3,0.756
"Moldova","MDA",2016,4.646,7.97636804830719,14.377,69.91,89.005,-0.51,-0.976,21.99,3,0.7
"Moldova","MDA",2017,4.176,8.03454645384413,14.756,68.33,88.623,-0.436,-0.824,21.94,3,0.702
"Moldova","MDA",2018,4.076,8.09206380244158,14.281,67.05,87.447,-0.434,-0.746,26.59,3,0.73
"Moldova","MDA",2019,3.552,8.14297381140434,15.211,69.33,87.632,-0.45,-0.644,25.1,4,0.805
"Moldova","MDA",2020,-8.276,8.06756802364236,17.194,69.68,79.266,-0.501,-0.571,23.86,4,0.796
"Moldova","MDA",2021,13.93,8.2130163586389,16.762,72.51,88.471,-0.357,-0.469,26.86,3,0.873
"Moldova","MDA",2022,-5.015,8.18372990336547,17.543,72.53,110.734,-0.287,-0.342,25.86,3,0.873
"Serbia","SRB",2002,6.38,8.19981450722762,24.047,54.81,56.866,-0.904,-0.896,18.93,2,0.833
"Serbia","SRB",2003,4.388,8.24488408048054,24.187,54.491,61.17,-0.905,-0.494,19.9,2,0.833
"Serbia","SRB",2004,9.028,8.33365369323269,22.634,54.029,74.23,-0.738,-0.493,26.16,2,0.818
"Serbia","SRB",2005,5.53,8.39048645773881,19.512,53.681,73.017,-0.949,-0.406,22.71,2,0.818
"Serbia","SRB",2006,5.108,8.44423468145458,20.389,53.419,76.908,-0.537,-0.278,21.74,2,0.813
"Serbia","SRB",2007,6.44,8.51069613115483,20.736,53.506,75.605,-0.464,-0.342,24.99,2,0.813
"Serbia","SRB",2008,5.656,8.56996740869597,20.125,52.802,78.679,-0.492,-0.302,26.42,2,0.813
"Serbia","SRB",2009,-2.732,8.54627984337743,19.514,50.977,66.022,-0.474,-0.318,18.66,2,0.81
"Serbia","SRB",2010,0.731,8.55758379690162,19.139,49.695,76.731,-0.43,-0.319,17.6,2,0.805
"Serbia","SRB",2011,2.036,8.58563657863102,18.942,49.81,78.809,-0.325,-0.299,18.33,2,0.81
"Serbia","SRB",2012,-0.682,8.58365093217306,18.974,50.258,85.471,-0.333,-0.357,19.27,2,0.801
"Serbia","SRB",2013,2.893,8.61703273451398,17.898,51.325,87.92,-0.299,-0.328,17.38,2,0.656
"Serbia","SRB",2014,-1.59,8.60570485907345,18.053,51.869,92.231,-0.095,-0.247,16.52,2,0.6
"Serbia","SRB",2015,1.806,8.62855190188207,16.412,51.574,97.396,-0.076,-0.318,18.68,2,0.575
"Serbia","SRB",2016,3.339,8.66662957639719,15.998,53.371,101.86,-0.127,-0.383,18.08,2,0.575
"Serbia","SRB",2017,2.101,8.69274538770211,16.141,54.05,107.528,-0.18,-0.435,19.58,2,0.525
"Serbia","SRB",2018,4.495,8.74217920435512,16.54,54.605,109.495,-0.17,-0.396,22.65,2,0.494
"Serbia","SRB",2019,4.332,8.789950643726,16.62,54.823,111.955,-0.144,-0.45,25.09,3,0.551
"Serbia","SRB",2020,-0.903,8.78753844596354,17.481,54.331,104.719,-0.123,-0.451,24.19,3,0.569
"Serbia","SRB",2021,7.726,8.87139574150659,16.84,57.97,117.773,-0.115,-0.459,25.17,3,0.519
"Serbia","SRB",2022,2.55,8.92174615030943,16.185,59.147,138.651,-0.113,-0.456,26.51,3,0.536
"Malaysia","MYS",2002,5.391,8.78049824397303,12.958,61.144,199.356,0.393,0.247,24.78,5,0.364
"Malaysia","MYS",2003,5.788,8.81234375512731,12.968,61.015,194.195,0.466,0.316,22.76,4,0.38
"Malaysia","MYS",2004,6.783,8.85425639623848,12.58,60.882,210.374,0.459,0.323,23.05,4,0.492
"Malaysia","MYS",2005,5.332,8.8831711082023,11.474,60.768,203.855,0.433,0.17,22.4,4,0.487
"Malaysia","MYS",2006,5.585,8.91516724483778,11.168,60.678,202.577,0.449,0.213,22.7,4,0.496
"Malaysia","MYS",2007,6.299,8.95448998606203,11.567,60.626,192.466,0.367,0.167,23.41,4,0.495
"Malaysia","MYS",2008,4.832,8.98079487184836,11.505,60.13,176.668,0.247,-0.091,21.46,4,0.481
"Malaysia","MYS",2009,-1.514,8.94575458174659,13.048,60.424,162.559,0.374,-0.094,17.84,4,0.478
"Malaysia","MYS",2010,7.425,8.99979302927949,12.581,60.413,157.945,0.394,0.057,23.39,4,0.47
"Malaysia","MYS",2011,5.294,9.03526803597341,13.271,61.637,154.938,0.403,0.023,23.19,4,0.452
"Malaysia","MYS",2012,5.473,9.07237585326684,13.842,62.7,147.842,0.38,0.213,25.75,4,0.452
"Malaysia","MYS",2013,4.694,9.10237045478948,13.715,64.214,142.721,0.341,0.333,25.94,4,0.445
"Malaysia","MYS",2014,6.007,9.14517253285958,13.329,64.508,138.312,0.524,0.397,24.98,4,0.445
"Malaysia","MYS",2015,5.092,9.1798399265278,13.087,64.719,131.37,0.402,0.182,25.42,4,0.445
"Malaysia","MYS",2016,4.45,9.20875551675635,12.565,64.606,126.899,0.388,0.028,26,4,0.445
"Malaysia","MYS",2017,5.813,9.25110239669829,12.193,64.724,133.155,0.387,-0.006,25.55,4,0.475
"Malaysia","MYS",2018,4.843,9.2852406801488,11.969,65.127,130.403,0.529,0.3,23.9,4,0.649
"Malaysia","MYS",2019,4.413,9.31601132944196,11.653,65.597,123.029,0.491,0.233,21.05,4,0.7
"Malaysia","MYS",2020,-5.457,9.24789883897888,12.962,65.278,116.788,0.572,0.229,19.66,4,0.562
"Malaysia","MYS",2021,3.298,9.26914470277359,12.715,65.711,134.019,0.533,0.147,22.11,4,0.553
"Malaysia","MYS",2022,8.65,9.34131573824677,11.661,65.271,146.664,0.562,0.249,23.51,4,0.597
"Laos","LAO",2002,5.919,6.90308639669385,8.903,63.304,67.255,-1.253,-0.674,29.04,6,0.031
"Laos","LAO",2003,6.067,6.94729613319249,7.659,63.094,60.572,-1.38,-0.866,27.77,6,0.031
"Laos","LAO",2004,6.358,6.99512584145694,7.745,62.874,66.08,-1.26,-1.148,31.75,6,0.031
"Laos","LAO",2005,7.108,7.04919407552075,8.165,62.628,71.793,-1.173,-1.318,34.06,6,0.031
"Laos","LAO",2006,8.619,7.116003645781,7.572,62.325,81.961,-1.015,-1.332,30.07,6,0.031
"Laos","LAO",2007,7.597,7.1734156437992,7.916,62.074,79.213,-0.957,-1.281,32.31,6,0.031
"Laos","LAO",2008,7.825,7.23323084467013,7.773,61.819,81.849,-0.874,-1.206,31.68,6,0.038
"Laos","LAO",2009,7.502,7.29035359001722,13.379,61.581,76.931,-1.05,-1.249,33.94,6,0.042
"Laos","LAO",2010,8.527,7.3572870320346,11.898,61.307,84.72,-0.974,-1.196,27.46,6,0.042
"Laos","LAO",2011,8.039,7.42001946751747,11.565,61.055,91.699,-1.002,-1.193,28.07,6,0.042
"Laos","LAO",2012,8.026,7.48291252748411,13.417,60.809,98.185,-0.857,-1.025,32.5,6,0.042
"Laos","LAO",2013,8.026,7.54609087797107,17.074,60.568,98.179,-0.804,-0.94,30.65,6,0.063
"Laos","LAO",2014,7.612,7.60580343014179,15.181,60.348,99.06,-0.756,-0.853,29.8,6,0.063
"Laos","LAO",2015,7.27,7.66174305803388,15.107,60.146,85.798,-0.819,-0.944,31.56,6,0.05
"Laos","LAO",2016,7.023,7.71441684189204,13.971,59.958,75.092,-0.811,-0.986,29.01,6,0.05
"Laos","LAO",2017,6.893,7.76572725348986,13.971,59.78,75.092,-0.905,-0.967,29.01,6,0.036
"Laos","LAO",2018,6.248,7.81114555666538,13.971,59.626,75.092,-0.863,-0.997,29.01,6,0.031
"Laos","LAO",2019,5.458,7.84933161832215,13.971,59.5,75.092,-0.969,-1.076,29.01,6,0.04
"Laos","LAO",2020,0.503,7.83957481247392,13.971,58.935,75.092,-0.881,-1.082,29.01,6,0.067
"Laos","LAO",2021,2.528,7.8502114894663,13.971,58.728,75.092,-0.664,-1.055,29.01,6,0.054
"Laos","LAO",2022,2.707,7.86296090802186,13.971,59.485,75.092,-0.805,-0.966,29.01,6,0.046
"Bolivia","BOL",2002,2.486,7.61560287698835,15.968,70.019,49.35,-0.378,-0.941,16.29,3,0.863
"Bolivia","BOL",2003,2.711,7.62489238628218,16.521,70.006,51.968,-0.469,-0.854,13.23,3,0.855
"Bolivia","BOL",2004,4.173,7.64838605623814,16.259,69.993,57.464,-0.627,-0.809,11.02,3,0.862
"Bolivia","BOL",2005,4.421,7.6743211227484,15.975,69.98,67.642,-0.765,-0.742,14.25,3,0.862
"Bolivia","BOL",2006,4.797,7.70370495625739,14.354,72.72,74.538,-0.854,-0.431,13.87,3,0.81
"Bolivia","BOL",2007,4.564,7.73083538544432,14.059,71.02,76.062,-0.832,-0.402,15.19,3,0.81
"Bolivia","BOL",2008,6.148,7.77320650822653,13.277,71.81,82.867,-0.979,-0.528,17.55,3,0.81
"Bolivia","BOL",2009,3.357,7.78909425273441,14.709,72.12,68.627,-1.114,-0.631,16.97,3,0.81
"Bolivia","BOL",2010,4.127,7.81257001276451,13.831,72.05,75.512,-1.03,-0.459,17.01,3,0.789
"Bolivia","BOL",2011,5.204,7.84652348891989,13.777,71.98,82.48,-0.984,-0.574,19.82,3,0.789
"Bolivia","BOL",2012,5.122,7.8799313257607,13.44,68.62,84.949,-1.019,-0.728,17.67,3,0.789
"Bolivia","BOL",2013,6.796,7.92938608630522,13.842,69.3,81.231,-1.051,-0.588,19.02,3,0.776
"Bolivia","BOL",2014,5.461,7.96651975124215,14.707,71.37,85.264,-1.058,-0.628,21.03,3,0.764
"Bolivia","BOL",2015,4.857,7.99821744544871,17.495,67.08,67.933,-1.162,-0.717,20.28,3,0.766
"Bolivia","BOL",2016,4.264,8.0244998464424,17.458,67.36,56.401,-1.238,-0.774,21.06,3,0.765
"Bolivia","BOL",2017,4.195,8.05039466035145,17.022,68.63,56.705,-1.245,-0.701,22.22,3,0.753
"Bolivia","BOL",2018,4.224,8.0768884711015,17.526,71.8,57.11,-1.212,-0.688,20.6,3,0.748
"Bolivia","BOL",2019,2.217,8.0842383800042,18.143,70.683,56.397,-1.189,-0.781,19.88,3,0.589
"Bolivia","BOL",2020,-8.738,7.97940635874004,19.739,69.68,45.503,-1.219,-0.844,15.78,3,0.611
"Bolivia","BOL",2021,6.111,8.02679059069647,19.337,68.08,59.021,-1.177,-0.883,16.79,3,0.782
"Bolivia","BOL",2022,3.606,8.05030980913291,19.09,69.92,67.756,-1.301,-0.889,16.62,3,0.783
"Paraguay","PRY",2002,-0.021,8.26816320894376,8.397,68.75,79.442,-1.123,-1.365,18.1,3,0.752
"Paraguay","PRY",2003,4.321,8.29791740066348,7.936,67.6,81.127,-1.052,-1.437,20.63,3,0.752
"Paraguay","PRY",2004,4.057,8.3259772364759,7.587,71.37,80.104,-0.982,-1.426,20.07,3,0.792
"Paraguay","PRY",2005,2.133,8.33596983138341,8.119,70.28,85.022,-0.963,-1.356,20.9,3,0.792
"Paraguay","PRY",2006,4.807,8.37242380268194,8.304,67.05,84.734,-0.971,-1.162,21.95,3,0.792
"Paraguay","PRY",2007,5.422,8.41524905550387,7.671,68.82,79.001,-0.965,-1.211,21.32,3,0.792
"Paraguay","PRY",2008,6.496,8.46839782723329,7.43,69.3,80.778,-0.911,-0.98,22.25,3,0.829
"Paraguay","PRY",2009,-0.261,8.45566177108227,9.137,69.62,70.842,-0.858,-0.789,18.92,3,0.854
"Paraguay","PRY",2010,11.095,8.54936527509059,9.061,67.74,81.258,-0.83,-0.708,23.83,3,0.859
"Paraguay","PRY",2011,4.286,8.57836241784983,10.061,67.92,78.492,-0.8,-0.696,24.66,3,0.859
"Paraguay","PRY",2012,-0.708,8.5577643384769,11.725,71.28,74.765,-0.811,-0.851,21.26,3,0.803
"Paraguay","PRY",2013,8.293,8.62363176575992,11.3,69.87,73.37,-0.767,-1.048,22.02,3,0.74
"Paraguay","PRY",2014,5.301,8.66122132499068,11.549,67.96,69.084,-0.604,-1.011,22.66,3,0.762
"Paraguay","PRY",2015,2.957,8.6761441031023,11.803,67.93,66.915,-0.644,-1.018,21.88,3,0.764
"Paraguay","PRY",2016,4.268,8.70368885781432,11.363,69.97,67.759,-0.691,-0.763,19.81,3,0.73
"Paraguay","PRY",2017,4.81,8.73659936743587,11.108,70.2,71.08,-0.669,-0.75,20.6,3,0.748
"Paraguay","PRY",2018,3.204,8.7543996351008,11.52,71.87,72.069,-0.603,-0.871,22.78,3,0.769
"Paraguay","PRY",2019,-0.402,8.73700720596958,11.946,72.39,71.222,-0.568,-0.893,21.69,3,0.769
"Paraguay","PRY",2020,-0.82,8.71528819080118,12.644,70.12,62.76,-0.428,-0.858,20.04,3,0.769
"Paraguay","PRY",2021,4.017,8.74189376993422,12.014,71.92,69.742,-0.575,-1.026,24,3,0.769
"Paraguay","PRY",2022,0.075,8.73123545134124,11.52,70.58,73.855,-0.591,-1.09,26.9,3,0.769
"Honduras","HND",2002,3.754,7.48834891373682,14.976,63.306,117.997,-0.88,-1.02,24.26,3,0.754
"Honduras","HND",2003,4.547,7.5072234486581,14.921,62.764,122.248,-0.936,-0.974,25.28,3,0.792
"Honduras","HND",2004,6.232,7.5427885893991,15.011,62.218,135.462,-0.85,-0.946,29.67,3,0.792
"Honduras","HND",2005,6.051,7.57728883962969,15.523,61.67,136.49,-0.771,-0.82,27.62,3,0.792
"Honduras","HND",2006,6.567,7.61730273677652,15.004,59.86,133.132,-0.989,-0.833,28.34,3,0.804
"Honduras","HND",2007,6.188,7.65446550110355,16.602,58.96,135.071,-0.929,-0.792,33.67,3,0.81
"Honduras","HND",2008,4.232,7.67378203466787,17.115,59.58,135.749,-0.971,-0.916,36.07,3,0.81
"Honduras","HND",2009,-2.432,7.62773132530332,18.7,60.81,96.905,-0.896,-0.908,20.6,4,0.583
"Honduras","HND",2010,3.731,7.64360364727224,17.926,61.91,109.442,-0.875,-0.889,21.88,4,0.676
"Honduras","HND",2011,3.836,7.66114489068591,16.064,59.73,122.217,-0.905,-0.834,26,4,0.708
"Honduras","HND",2012,4.129,7.68209343078552,16.202,58.4,121.188,-1.146,-0.955,24.56,4,0.706
"Honduras","HND",2013,2.792,7.6906668352176,16.734,62.66,116.306,-1.173,-0.945,21.76,4,0.724
"Honduras","HND",2014,3.058,7.70230359719757,15.332,64.15,112.975,-0.943,-0.787,22.18,4,0.724
"Honduras","HND",2015,3.84,7.72189146170262,14.305,64.09,107.264,-0.942,-0.589,25.12,4,0.696
"Honduras","HND",2016,3.893,7.74234950307559,14.114,63.32,99.816,-1.137,-0.679,23.38,4,0.696
"Honduras","HND",2017,4.843,7.77224395549287,13.498,64.36,101.813,-1.063,-0.739,24.82,4,0.739
"Honduras","HND",2018,3.845,7.7928756227075,13.462,66.75,103.551,-1.057,-0.657,26.57,4,0.718
"Honduras","HND",2019,2.653,7.80225346899273,13.489,64.59,98.028,-1.041,-0.876,22.73,4,0.72
"Honduras","HND",2020,-8.965,7.69210147279753,14.974,60.29,85.619,-1.01,-0.988,18.83,4,0.741
"Honduras","HND",2021,12.534,7.7948363316642,14.62,62.398,101.572,-1.087,-1.091,24.33,5,0.784
"Honduras","HND",2022,3.998,7.8191162796742,14.208,62.614,111.073,-1.017,-1.002,25.87,4,0.871
